epoch,time,train/ce_loss,train/dice_loss,train/aux_loss,metrics/mIoU,metrics/pixel_acc,val/ce_loss,val/dice_loss,val/aux_loss,lr/pg0,lr/pg1,lr/pg2
1,137.319,0.43144,0.38707,0.16005,0.01158,0.71645,1.58935,0.9594,0,0.000326241,0.000326241,0.0677021
2,252.838,0.40337,0.36904,0.15274,0.2041,0.76219,1.01241,0.68252,0,0.000659413,0.000659413,0.034702
3,374.302,0.39505,0.36011,0.14845,0.44929,0.80161,0.68826,0.42252,0,0.000991938,0.000991938,0.00170116
4,483.765,0.38211,0.35512,0.14494,0.55263,0.81956,0.49676,0.3266,0,0.000997803,0.000997803,0.000997803
5,585.683,0.38488,0.35145,0.14474,0.56095,0.82285,0.40808,0.35082,0,0.000996097,0.000996097,0.000996097
6,682.841,0.38074,0.34724,0.14442,0.58207,0.8288,0.44292,0.30938,0,0.000993906,0.000993906,0.000993906
7,781.259,0.36035,0.32617,0.13593,0.56133,0.80061,0.46966,0.3506,0,0.000991232,0.000991232,0.000991232
8,873.175,0.35269,0.32054,0.13378,0.57556,0.82228,0.42074,0.32859,0,0.000988079,0.000988079,0.000988079
9,960.035,0.35439,0.32174,0.13472,0.525,0.78881,0.52551,0.34212,0,0.000984449,0.000984449,0.000984449
10,1052.27,0.35251,0.32577,0.13383,0.55649,0.8189,0.41863,0.34534,0,0.000980345,0.000980345,0.000980345
11,1144.68,0.34134,0.30646,0.12915,0.49643,0.8221,0.38812,0.41159,0,0.000975773,0.000975773,0.000975773
12,1235.48,0.33517,0.31231,0.12784,0.55211,0.82983,0.46418,0.33849,0,0.000970736,0.000970736,0.000970736
13,1329.71,0.33719,0.3019,0.12725,0.55524,0.79426,0.55257,0.31815,0,0.000965239,0.000965239,0.000965239
14,1422.16,0.33646,0.29838,0.1275,0.55905,0.80978,0.44854,0.34549,0,0.000959289,0.000959289,0.000959289
15,1522.95,0.32871,0.29238,0.12349,0.57201,0.82773,0.41787,0.31367,0,0.000952889,0.000952889,0.000952889
16,1614.66,0.32753,0.29769,0.12422,0.52265,0.82299,0.40621,0.38609,0,0.000946048,0.000946048,0.000946048
17,1708.69,0.32318,0.28663,0.12298,0.5633,0.81543,0.45048,0.3361,0,0.000938772,0.000938772,0.000938772
18,1799.18,0.32557,0.2888,0.1237,0.5437,0.84034,0.40029,0.35087,0,0.000931067,0.000931067,0.000931067
19,1890.76,0.30555,0.28424,0.11586,0.58858,0.84096,0.41086,0.31357,0,0.000922942,0.000922942,0.000922942
20,1982.68,0.31808,0.28411,0.12109,0.5703,0.80309,0.474,0.31257,0,0.000914405,0.000914405,0.000914405
21,2072.35,0.31169,0.27612,0.11744,0.51173,0.83429,0.44105,0.34886,0,0.000905463,0.000905463,0.000905463
22,2162.94,0.31004,0.27548,0.118,0.59373,0.83659,0.42859,0.30652,0,0.000896127,0.000896127,0.000896127
23,2258.73,0.30416,0.27757,0.11557,0.6128,0.85439,0.385,0.30357,0,0.000886404,0.000886404,0.000886404
24,2351.27,0.29515,0.26383,0.11139,0.58746,0.83823,0.40512,0.34071,0,0.000876305,0.000876305,0.000876305
25,2445.3,0.30691,0.26381,0.11616,0.58378,0.83169,0.42686,0.30792,0,0.000865839,0.000865839,0.000865839
26,2539.58,0.29862,0.27588,0.11337,0.58546,0.84062,0.37374,0.32426,0,0.000855018,0.000855018,0.000855018
27,2637.49,0.29718,0.26229,0.11346,0.5045,0.83816,0.47641,0.37539,0,0.000843851,0.000843851,0.000843851
28,2748.64,0.27985,0.25614,0.10686,0.58691,0.83079,0.42844,0.29888,0,0.000832349,0.000832349,0.000832349
29,2841.98,0.28885,0.25526,0.10947,0.54168,0.83435,0.42219,0.34932,0,0.000820525,0.000820525,0.000820525
30,2929.53,0.27654,0.25344,0.10563,0.5817,0.84259,0.41717,0.31501,0,0.000808389,0.000808389,0.000808389
31,3040.31,0.28563,0.25743,0.10843,0.60369,0.84463,0.41562,0.2954,0,0.000795954,0.000795954,0.000795954
32,3138.84,0.28689,0.25088,0.10836,0.53966,0.84059,0.48235,0.34894,0,0.000783231,0.000783231,0.000783231
33,3235.41,0.2812,0.25205,0.10679,0.56726,0.83278,0.42204,0.33898,0,0.000770234,0.000770234,0.000770234
34,3337.39,0.27894,0.25066,0.10651,0.61702,0.85657,0.42507,0.28223,0,0.000756976,0.000756976,0.000756976
35,3438.31,0.28681,0.25393,0.10837,0.57939,0.84422,0.41523,0.3151,0,0.000743468,0.000743468,0.000743468
36,3538.12,0.2829,0.25361,0.10803,0.56444,0.83492,0.48879,0.32282,0,0.000729725,0.000729725,0.000729725
37,3637.33,0.27516,0.23966,0.10465,0.52437,0.8302,0.47392,0.37395,0,0.000715761,0.000715761,0.000715761
38,3741.76,0.26744,0.23779,0.10148,0.59811,0.8543,0.39178,0.31622,0,0.000701588,0.000701588,0.000701588
39,3830.37,0.2664,0.24044,0.1019,0.61125,0.84319,0.40766,0.28663,0,0.000687222,0.000687222,0.000687222
40,3919.05,0.26514,0.23631,0.10118,0.58631,0.8433,0.57821,0.30253,0,0.000672675,0.000672675,0.000672675
41,4008.54,0.26649,0.23683,0.10231,0.58896,0.83971,0.45195,0.29271,0,0.000657963,0.000657963,0.000657963
42,4098.47,0.26469,0.23219,0.10013,0.62674,0.85265,0.4014,0.27021,0,0.000643101,0.000643101,0.000643101
43,4196.22,0.26876,0.24204,0.10175,0.56133,0.84196,0.38836,0.33873,0,0.000628101,0.000628101,0.000628101
44,4288.04,0.25232,0.22683,0.09633,0.62006,0.85898,0.43925,0.28588,0,0.000612981,0.000612981,0.000612981
45,4381.77,0.25641,0.23363,0.09807,0.60296,0.84347,0.40211,0.28359,0,0.000597754,0.000597754,0.000597754
46,4469.75,0.25571,0.22333,0.0971,0.54631,0.8502,0.49714,0.35139,0,0.000582435,0.000582435,0.000582435
47,4564.02,0.26133,0.2293,0.09922,0.57032,0.84546,0.44976,0.3082,0,0.00056704,0.00056704,0.00056704
48,4656.15,0.25211,0.22394,0.09562,0.59635,0.85167,0.4181,0.28353,0,0.000551584,0.000551584,0.000551584
49,4746.92,0.25027,0.2263,0.0955,0.61579,0.85785,0.40882,0.28652,0,0.000536081,0.000536081,0.000536081
50,4838.37,0.25315,0.22513,0.09713,0.60005,0.85791,0.41678,0.28294,0,0.000520548,0.000520548,0.000520548
51,4927.92,0.24762,0.21818,0.09417,0.60439,0.84618,0.42246,0.28576,0,0.000505,0.000505,0.000505
52,5020.12,0.24379,0.21576,0.0935,0.60792,0.8596,0.41294,0.2785,0,0.000489452,0.000489452,0.000489452
53,5110.89,0.24617,0.21979,0.09455,0.60817,0.84463,0.45621,0.2773,0,0.000473919,0.000473919,0.000473919
54,5200.7,0.24146,0.21188,0.09226,0.60517,0.85497,0.42883,0.28829,0,0.000458416,0.000458416,0.000458416
55,5289.5,0.23305,0.21024,0.08929,0.60632,0.85649,0.40271,0.28695,0,0.00044296,0.00044296,0.00044296
56,5379.58,0.23917,0.20994,0.09094,0.60337,0.84284,0.43438,0.27847,0,0.000427565,0.000427565,0.000427565
57,5465.85,0.2289,0.2093,0.08779,0.61361,0.85343,0.40986,0.27668,0,0.000412246,0.000412246,0.000412246
58,5558.54,0.23502,0.20155,0.09053,0.60191,0.84494,0.46668,0.27166,0,0.000397019,0.000397019,0.000397019
59,5648.51,0.23952,0.21237,0.09155,0.59873,0.85128,0.44786,0.28384,0,0.000381899,0.000381899,0.000381899
60,5735.94,0.23615,0.2039,0.09006,0.58945,0.8541,0.43698,0.29384,0,0.000366899,0.000366899,0.000366899
61,5823.36,0.23438,0.20678,0.08967,0.61044,0.85679,0.41725,0.28509,0,0.000352037,0.000352037,0.000352037
62,5915.41,0.22578,0.20157,0.08683,0.55688,0.84521,0.5215,0.33132,0,0.000337325,0.000337325,0.000337325
