epoch,train_loss,val_loss,val_iou
1,1.1465,1.2935,0.2787
2,0.9041,1.2326,0.2951
3,0.7762,1.0697,0.2753
4,0.6769,1.2031,0.3254
5,0.6313,1.4586,0.3005
6,0.5167,1.0579,0.2960
7,0.4824,1.1757,0.2812
8,0.4537,1.0900,0.2891
9,0.3586,1.1073,0.3042
10,0.3219,1.1356,0.3057
11,0.3001,1.2111,0.3211
12,0.2582,1.1491,0.3165
13,0.2401,1.0774,0.3134
14,0.2076,1.1815,0.2774
15,0.2620,1.1663,0.2879
16,0.2775,1.2766,0.3310
17,0.2795,1.2843,0.3194
18,0.1986,1.1552,0.3128
19,0.1646,1.2696,0.3127
20,0.1370,1.3099,0.2630
21,0.1504,1.1361,0.3082
22,0.1357,1.2162,0.3026
23,0.1272,1.2063,0.2981
24,0.1034,1.2197,0.2837
25,0.1078,1.2243,0.3152
26,0.0871,1.2920,0.3124
27,0.0794,1.2510,0.3038
28,0.0832,1.2625,0.3042
29,0.1089,1.3278,0.2847
30,0.0897,1.3023,0.3014
31,0.0762,1.2819,0.2816
32,0.0929,1.3746,0.2723
33,0.0902,1.3392,0.3068
34,0.1131,1.5805,0.2957
35,0.1944,1.3259,0.2803
36,0.1561,1.2933,0.2930
37,0.1225,1.3119,0.2998
38,0.0873,1.3105,0.3093
39,0.0794,1.3142,0.2812
40,0.0693,1.3776,0.2903
41,0.0617,1.3852,0.3060
42,0.0576,1.3872,0.2972
43,0.0618,1.3543,0.3074
44,0.0550,1.3486,0.2934
45,0.0755,1.3724,0.2917
46,0.0495,1.3830,0.2880
47,0.0829,1.3290,0.2926
48,0.0639,1.3425,0.3045
49,0.0512,1.3412,0.3019
50,0.0457,1.3513,0.3068
51,0.0437,1.3240,0.3013
52,0.0503,1.4192,0.2627
53,0.0426,1.3679,0.2970
54,0.0420,1.4139,0.2629
55,0.0382,1.3822,0.2863
56,0.0368,1.3898,0.2827
57,0.0372,1.3787,0.2877
58,0.0369,1.3956,0.3004
59,0.0379,1.3706,0.2857
60,0.0354,1.4207,0.2942
61,0.0377,1.3874,0.2897
62,0.0369,1.4014,0.2984
63,0.0352,1.4006,0.2905
64,0.0338,1.3962,0.2921
65,0.0332,1.4185,0.2918
66,0.0315,1.4049,0.2925
67,0.0328,1.4043,0.2962
68,0.0308,1.4166,0.3005
69,0.0299,1.4357,0.2917
70,0.0294,1.4170,0.2913
71,0.0305,1.4227,0.2982
72,0.0291,1.4195,0.2967
73,0.0372,1.4960,0.2610
74,0.0320,1.4082,0.3045
75,0.0282,1.4050,0.3055
76,0.0270,1.4292,0.2966
77,0.0292,1.4052,0.2949
78,0.0275,1.4654,0.3071
79,0.0272,1.4440,0.3031
80,0.0286,1.4186,0.3006
81,0.0262,1.4392,0.2999
82,0.0267,1.4476,0.3010
83,0.0257,1.4282,0.3003
84,0.0256,1.4247,0.2998
85,0.0294,1.4214,0.2912
86,0.0259,1.4288,0.2978
87,0.0259,1.4389,0.2935
88,0.0263,1.4606,0.2974
89,0.0251,1.4378,0.2884
90,0.0246,1.4376,0.2967
91,0.0257,1.4375,0.2975
92,0.0257,1.4355,0.3006
93,0.0252,1.4311,0.2973
94,0.0238,1.4363,0.2881
95,0.0254,1.4351,0.2957
96,0.0248,1.4305,0.2936
97,0.0241,1.4402,0.2967
98,0.0247,1.4414,0.2946
99,0.0257,1.4552,0.2990
100,0.0234,1.4420,0.2960
